{
	"credit": "Made by Aetheris_ex",
	"ambientocclusion": false,
	"textures": {
		"block": "block/fern",
		"particle": "block/fern"
	},
	"elements": [
		{
			"from": [2, 6.9375, 3.5],
			"to": [12, 7, 12.5],
			"rotation": {"angle": -45, "axis": "z", "origin": [2, 7, 3.5]},
			"faces": {
				"up": {"uv": [2.625, 6, 13.122, 15.998], "rotation": 270, "texture": "#block", "tintindex": 0},
				"down": {"uv": [2.625, 6, 13.122, 15.998], "rotation": 270, "texture": "#block", "tintindex": 0}
			}
		},
		{
			"from": [5, 6.9375, 3.5],
			"to": [15, 7, 12.5],
			"rotation": {"angle": 45, "axis": "z", "origin": [15, 7, 12.5]},
			"faces": {
				"up": {"uv": [2.625, 6, 13.122, 15.998], "rotation": 90, "texture": "#block", "tintindex": 0},
				"down": {"uv": [2.625, 6, 13.122, 15.998], "rotation": 90, "texture": "#block", "tintindex": 0}
			}
		},
		{
			"from": [4, 6.9375, 1.5],
			"to": [13, 7, 11.5],
			"rotation": {"angle": 45, "axis": "x", "origin": [13, 7, 1.5]},
			"faces": {
				"up": {"uv": [2.625, 6, 13.122, 15.998], "texture": "#block", "tintindex": 0},
				"down": {"uv": [2.625, 6, 13.122, 15.998], "rotation": 180, "texture": "#block", "tintindex": 0}
			}
		},
		{
			"from": [4, 6.9375, 4.5],
			"to": [13, 7, 14.5],
			"rotation": {"angle": -45, "axis": "x", "origin": [4, 7, 14.5]},
			"faces": {
				"up": {"uv": [2.625, 6, 13.122, 15.998], "rotation": 180, "texture": "#block", "tintindex": 0},
				"down": {"uv": [2.625, 6, 13.122, 15.998], "texture": "#block", "tintindex": 0}
			}
		},
		{
			"from": [-4.5, 4.1875, 3.5],
			"to": [2.5, 4.25, 12.5],
			"rotation": {"angle": 22.5, "axis": "z", "origin": [-4.5, 4.25, 3.5]},
			"faces": {
				"up": {"uv": [3.25, 0, 12.372, 5.999], "rotation": 270, "texture": "#block", "tintindex": 0},
				"down": {"uv": [3.25, 0, 12.372, 5.999], "rotation": 270, "texture": "#block", "tintindex": 0}
			}
		},
		{
			"from": [14.5, 4.1875, 3.5],
			"to": [21.5, 4.25, 12.5],
			"rotation": {"angle": -22.5, "axis": "z", "origin": [21.5, 4.25, 12.5]},
			"faces": {
				"up": {"uv": [3.25, 0, 12.372, 5.999], "rotation": 90, "texture": "#block", "tintindex": 0},
				"down": {"uv": [3.25, 0, 12.372, 5.999], "rotation": 90, "texture": "#block", "tintindex": 0}
			}
		},
		{
			"from": [4.4, 7.1875, 13.3],
			"to": [13.4, 7.25, 20.3],
			"rotation": {"angle": 22.5, "axis": "x", "origin": [21.5, 4.25, 12.5]},
			"faces": {
				"up": {"uv": [3.25, 0, 12.372, 5.999], "rotation": 180, "texture": "#block", "tintindex": 0},
				"down": {"uv": [3.25, 0, 12.372, 5.999], "texture": "#block", "tintindex": 0}
			}
		},
		{
			"from": [4, 4.1875, -5],
			"to": [13, 4.25, 2],
			"rotation": {"angle": -22.5, "axis": "x", "origin": [13, 4.25, -5]},
			"faces": {
				"up": {"uv": [3.25, 0, 12.372, 5.999], "texture": "#block", "tintindex": 0},
				"down": {"uv": [3.25, 0, 12.372, 5.999], "rotation": 180, "texture": "#block", "tintindex": 0}
			}
		},
		{
			"from": [-8, 2.25, 8],
			"to": [4, 2.25, 21],
			"rotation": {"angle": -45, "axis": "y", "origin": [4, 4.25, 21]},
			"faces": {
				"up": {"uv": [2, 0.875, 13.873, 15.998], "rotation": 180, "texture": "#block", "tintindex": 0},
				"down": {"uv": [3.25, 0, 12.372, 5.999], "texture": "#block", "tintindex": 0}
			}
		},
		{
			"from": [15, 2.3, 8],
			"to": [28, 2.3, 20],
			"rotation": {"angle": 45, "axis": "y", "origin": [4, 4.25, 21]},
			"faces": {
				"up": {"uv": [2, 0.875, 13.873, 15.998], "rotation": 90, "texture": "#block", "tintindex": 0},
				"down": {"uv": [3.25, 0, 12.372, 5.999], "rotation": 90, "texture": "#block", "tintindex": 0}
			}
		},
		{
			"from": [10, 2.275, 2],
			"to": [22, 2.275, 15],
			"rotation": {"angle": 45, "axis": "y", "origin": [4, 4.25, 21]},
			"faces": {
				"up": {"uv": [2, 0.875, 13.873, 15.998], "texture": "#block", "tintindex": 0},
				"down": {"uv": [3.25, 0, 12.372, 5.999], "rotation": 180, "texture": "#block", "tintindex": 0}
			}
		},
		{
			"from": [-3, 2.025, 3],
			"to": [10, 2.025, 15],
			"rotation": {"angle": -45, "axis": "y", "origin": [4, 4.25, 21]},
			"faces": {
				"up": {"uv": [2, 0.875, 13.873, 15.998], "rotation": 90, "texture": "#block", "tintindex": 0},
				"down": {"uv": [3.25, 0, 12.372, 5.999], "rotation": 90, "texture": "#block", "tintindex": 0}
			}
		}
	]
}